music_id,track_name,artist,in_spotify_charts
1,Seven (feat. Latto) (Explicit Ver.),"Latto, Jung Kook",147
2,LALA,Myke Towers,48
3,vampire,Olivia Rodrigo,113
4,Cruel Summer,Taylor Swift,100
5,WHERE SHE GOES,Bad Bunny,50
6,Sprinter,"Dave, Central Cee",91
7,Ella Baila Sola,"Eslabon Armado, Peso Pluma",50
8,Columbia,Quevedo,43
9,fukumean,Gunna,83
10,La Bebe - Remix,"Peso Pluma, Yng Lvcas",44
11,un x100to,"Bad Bunny, Grupo Frontera",40
12,Super Shy,NewJeans,55
13,Flowers,Miley Cyrus,115
14,Daylight,David Kushner,98
15,As It Was,Harry Styles,130
16,Kill Bill,SZA,77
17,Cupid - Twin Ver.,Fifty Fifty,77
18,"What Was I Made For? [From The Motion Picture ""Barbie""]",Billie Eilish,104
19,Classy 101,"Feid, Young Miko",40
20,Like Crazy,Jimin,68
21,LADY GAGA,"Gabito Ballesteros, Junior H, Peso Pluma",26
22,I Wanna Be Yours,Arctic Monkeys,110
23,"Peso Pluma: Bzrp Music Sessions, Vol. 55","Bizarrap, Peso Pluma",40
24,Popular (with Playboi Carti & Madonna) - The Idol Vol. 1 (Music from the HBO Original Series),"The Weeknd, Madonna, Playboi Carti",87
25,SABOR FRESA,Fuerza Regida,26
26,MOJABI GHOST,"Tainy, Bad Bunny",40
27,Last Night,Morgan Wallen,19
28,Dance The Night (From Barbie The Album),Dua Lipa,101
29,Rush,Troye Sivan,78
30,TULUM,"Peso Pluma, Grupo Frontera",34
31,Creepin',"The Weeknd, 21 Savage, Metro Boomin",88
32,Anti-Hero,Taylor Swift,56
33,TQG,"Karol G, Shakira",49
34,Los del Espacio,"Big One, Duki, Lit Killah, Maria Becerra, FMK, Rusherking, Emilia, Tiago pzk",31
35,Blank Space,Taylor Swift,53
36,Style,Taylor Swift,42
37,TQM,Fuerza Regida,28
38,El Azul,"Junior H, Peso Pluma",25
39,Sunflower - Spider-Man: Into the Spider-Verse,"Post Malone, Swae Lee",78
40,I'm Good (Blue),"Bebe Rexha, David Guetta",80
41,See You Again,"Tyler, The Creator, Kali Uchis",64
42,Barbie World (with Aqua) [From Barbie The Album],"Nicki Minaj, Aqua, Ice Spice",80
43,Angels Like You,Miley Cyrus,19
44,I Ain't Worried,OneRepublic,76
45,Die For You,The Weeknd,59
46,Starboy,"The Weeknd, Daft Punk",79
47,Die For You - Remix,"Ariana Grande, The Weeknd",47
48,El Cielo,"Feid, Myke Towers, Sky Rompiendo",38
49,Baby Don't Hurt Me,"David Guetta, Anne-Marie, Coi Leray",66
50,AMARGURA,Karol G,39
51,(It Goes Like) Nanana - Edit,Peggy Gou,59
52,Another Love,Tom Odell,83
53,Blinding Lights,The Weeknd,69
54,Moonlight,Kali Uchis,42
55,La Bachata,Manuel Turizo,45
56,S91,Karol G,41
57,cardigan,Taylor Swift,29
58,Boy's a liar Pt. 2,"PinkPantheress, Ice Spice",41
59,Left and Right (Feat. Jung Kook of BTS),"Charlie Puth, BTS, Jung Kook",39
60,Yellow,Chris Molitor,43
61,Karma,Taylor Swift,23
62,People,Libianca,56
63,Overdrive,Post Malone,36
64,Enchanted (Taylor's Version),Taylor Swift,24
65,BABY HELLO,"Rauw Alejandro, Bizarrap",35
66,Heat Waves,Glass Animals,63
67,golden hour,JVKE,36
68,Sweater Weather,The Neighbourhood,61
69,"Quevedo: Bzrp Music Sessions, Vol. 52","Bizarrap, Quevedo",45
70,Viva La Vida,Coldplay,62
71,Here With Me,d4vd,23
72,Unholy (feat. Kim Petras),"Sam Smith, Kim Petras",42
73,Yandel 150,"Yandel, Feid",38
74,Riptide,Vance Joy,55
75,Until I Found You (with Em Beihold) - Em Beihold Version,"Em Beihold, Stephen Sanchez",30
76,Back To December (Taylor's Version),Taylor Swift,17
77,STAY (with Justin Bieber),"Justin Bieber, The Kid Laroi",36
78,El Merengue,"Marshmello, Manuel Turizo",44
79,Someone You Loved,Lewis Capaldi,53
80,Me Porto Bonito,"Chencho Corleone, Bad Bunny",43
81,Makeba,Jain,53
82,MONTAGEM - FR PUNK,"Ayparia, unxbected",50
83,Fast Car,Luke Combs,12
84,What It Is (Solo Version),Doechii,25
85,Coco Chanel,"Bad Bunny, Eladio Carrion",38
86,Still With You,Jung Kook,39
87,All My Life (feat. J. Cole),"J. Cole, Lil Durk",23
88,Say Yes To Heaven,Lana Del Rey,46
89,Snooze,SZA,25
90,Summertime Sadness,Lana Del Rey,52
91,Take Two,BTS,47
92,Lover,Taylor Swift,23
93,Too Many Nights (feat. Don Toliver & with Future),"Future, Metro Boomin, Don Toliver",58
94,Chemical,Post Malone,39
95,Mockingbird,Eminem,61
96,New Jeans,NewJeans,35
97,Primera Cita,Carin Leon,27
98,Cold Heart - PNAU Remix,"Dua Lipa, Elton John, Pnau",52
99,Dandelions,Ruth B.,21
100,Bones,Imagine Dragons,44
101,Set Fire to the Rain,Adele,43
102,Money Trees,"Kendrick Lamar, Jay Rock",32
103,Tak Segampang Itu,Anggi Marito,6
104,Mine (Taylor's Version),Taylor Swift,15
105,Everybody Wants To Rule The World,Tears For Fears,25
106,No Role Modelz,J. Cole,36
107,Tattoo,Loreen,59
108,Rara Vez,"Taiu, Milo j",38
109,august,Taylor Swift,22
110,LUNA,"Junior H, Peso Pluma",11
111,Miracle (with Ellie Goulding),"Calvin Harris, Ellie Goulding",48
112,Nonsense,Sabrina Carpenter,27
113,Que Vuelvas,"Carin Leon, Grupo Frontera",26
114,Por las Noches,Peso Pluma,24
115,Can't Hold Us (feat. Ray Dalton),"Ray Dalton, Ryan Lewis, Macklemore",52
116,Watermelon Sugar,Harry Styles,34
117,lovely - Bonus Track,"Billie Eilish, Khalid",30
118,"Rauw Alejandro: Bzrp Music Sessions, Vol. 56","Rauw Alejandro, Bizarrap",32
119,Queencard,(G)I-DLE,33
120,OMG,NewJeans,27
121,Radio,Lana Del Rey,46
122,"Shakira: Bzrp Music Sessions, Vol. 53","Shakira, Bizarrap",44
123,505,Arctic Monkeys,25
124,"Calling (Spider-Man: Across the Spider-Verse) (Metro Boomin & Swae Lee, NAV, feat. A Boogie Wit da Hoodie)","Swae Lee, A Boogie Wit da Hoodie, Metro Boomin, NAV",16
125,Trance (with Travis Scott & Young Thug),"Travis Scott, Young Thug, Metro Boomin",46
126,"Tere Vaaste (From ""Zara Hatke Zara Bachke"")","Sachin-Jigar, Shadab Faridi, Altamash Faridi, Amitabh Bhattacharya, Varun Jain",8
127,Perfect,Ed Sheeran,13
128,Romantic Homicide,d4vd,23
129,Believer,Imagine Dragons,23
130,"Gol Bolinha, Gol Quadrado 2","Mc Pedrinho, DJ 900",8
131,Without Me,Eminem,43
132,QUEMA,"Sog, Ryan Castro, Peso Pluma",31
133,Stargirl Interlude,"The Weeknd, Lana Del Rey",32
134,Somewhere Only We Know,Keane,16
135,Those Eyes,New West,14
136,El Gordo Trae El Mando,Chino Pacas,21
137,Mi Bello Angel,Natanael Cano,8
138,Bye,Peso Pluma,14
139,Danza Kuduro,"Don Omar, Lucenzo",37
140,Nosso Quadro,"Ana Castela, AgroPlay",9
141,Locked Out Of Heaven,Bruno Mars,9
142,Un Finde | CROSSOVER #2,"Big One, FMK, Ke personajes",14
143,Jimmy Cooks (feat. 21 Savage),"Drake, 21 Savage",27
144,Counting Stars,OneRepublic,43
145,Ghost,Justin Bieber,24
146,Under The Influence,Chris Brown,26
147,PRC,"Natanael Cano, Peso Pluma",26
148,Gasolina,Daddy Yankee,18
149,One Dance,"Drake, WizKid, Kyla",24
150,Enchanted,Taylor Swift,16
151,Save Your Tears,The Weeknd,13
152,Sure Thing,Miguel,19
153,Every Breath You Take - Remastered 2003,The Police,19
154,The Night We Met,Lord Huron,35
155,We Found Love,"Rihanna, Calvin Harris",21
156,When I Was Your Man,Bruno Mars,11
157,Let Me Down Slowly,Alec Benjamin,19
158,"Am I Dreaming (Metro Boomin & A$AP Rocky, Roisee)","A$AP Rocky, Metro Boomin, Roisee",16
159,Do I Wanna Know?,Arctic Monkeys,26
160,Demons,Imagine Dragons,13
161,Reminder,The Weeknd,17
162,Shake It Off,Taylor Swift,13
163,Why'd You Only Call Me When You're High?,Arctic Monkeys,29
164,SNAP,Rosa Linn,18
165,Shape of You,Ed Sheeran,10
166,Night Changes,One Direction,18
167,Fin de Semana,"Oscar Maydon, Junior H",14
168,Creep,Radiohead,7
169,Car's Outside,James Arthur,10
170,Apocalypse,Cigarettes After Sex,17
171,Cheques,Shubh,8
172,Pink + White,Frank Ocean,30
173,Circles,Post Malone,16
174,Just The Way You Are,Bruno Mars,13
175,Take Me To Church,Hozier,31
176,Bebe Dame,"Fuerza Regida, Grupo Frontera",22
177,Better Than Revenge (Taylor's Version),Taylor Swift,11
178,Shut up My Moms Calling,Hotel Ugly,14
179,Have You Ever Seen The Rain?,Creedence Clearwater Revival,14
180,Es un Secreto,Plan B,36
181,POLARIS - Remix,"Feid, Mora, Saiko, Quevedo",33
182,Ditto,NewJeans,22
183,Take On Me,a-ha,17
184,"Annihilate (Spider-Man: Across the Spider-Verse) (Metro Boomin & Swae Lee, Lil Wayne, Offset)","Swae Lee, Lil Wayne, Offset, Metro Boomin",4
185,"Angel Pt 1 (feat. Jimin of BTS, JVKE & Muni Long)","Kodak Black, NLE Choppa, Muni Long, JVKE, Jimin",14
186,AMG,"Natanael Cano, Gabito Ballesteros, Peso Pluma",19
187,"Phir Aur Kya Chahiye (From ""Zara Hatke Zara Bachke"")","Arijit Singh, Sachin-Jigar, Amitabha Bhattacharya",6
188,S-Class,Stray Kids,19
189,Hits Different,Taylor Swift,0
190,Chanel,"Becky G, Peso Pluma",10
191,Self Love (Spider-Man: Across the Spider-Verse) (Metro Boomin & Coi Leray),"Metro Boomin, Coi Leray",5
192,Area Codes,"Kaliii, Kaliii",13
193,Obsessed,"Abhijay Sharma, Riar Saab",6
194,FLOWER,JISOO,18
195,"All The Way Live (Spider-Man: Across the Spider-Verse) (Metro Boomin & Future, Lil Uzi Vert)","Future, Lil Uzi Vert, Metro Boomin",0
196,Eyes Closed,Ed Sheeran,30
197,Escapism.,"RAYE, 070 Shake",25
198,La Jumpa,"Arcangel, Bad Bunny",34
199,Karma (feat. Ice Spice),"Taylor Swift, Ice Spice",0
200,Superhero (Heroes & Villains) [with Future & Chris Brown],"Future, Chris Brown, Metro Boomin",16
201,Las Morras,"BLESSD, Peso Pluma",8
202,CHORRITO PA LAS ANIMAS,Feid,36
203,Ch y la Pizza,"Fuerza Regida, Natanael Cano",10
204,Snow On The Beach (feat. More Lana Del Rey),"Lana Del Rey, Taylor Swift",2
205,Players,Coi Leray,6
206,Bite Me,ENHYPEN,69
207,Stand By Me (feat. Morgan Wallen),"Lil Durk, Morgan Wallen",5
208,Normal,Feid,36
209,Hummingbird (Metro Boomin & James Blake),"James Blake, Metro Boomin",1
210,Seu Brilho Sumiu - Ao Vivo,"Israel & Rodolffo, Mari Fernandez",5
211,Bad Habit,Steve Lacy,12
212,Lilith (feat. SUGA of BTS) (Diablo IV Anthem),"Halsey, Suga",6
213,69,"Nicky Jam, Feid",22
214,Search & Rescue,Drake,6
215,Lavender Haze,Taylor Swift,8
216,"Link Up (Metro Boomin & Don Toliver, Wizkid feat. BEAM & Toian) - Spider-Verse Remix (Spider-Man: Across the Spider-Verse )","WizKid, Toian, Metro Boomin, Don Toliver, Beam",0
217,Efecto,Bad Bunny,33
218,Erro Gostoso - Ao Vivo,Simone Mendes,5
219,Cupido,Tini,24
220,Just Wanna Rock,Lil Uzi Vert,13
221,Unstoppable,Sia,13
222,Until I Found You,Stephen Sanchez,4
223,Rich Flex,"Drake, 21 Savage",18
224,Easy On Me,Adele,20
225,Danger (Spider) (Offset & JID),"Offset, JID",0
226,The Real Slim Shady,Eminem,27
227,MERCHO,"Migrantes, LiL CaKe, Nico Valdi",20
228,The Color Violet,Tory Lanez,32
229,Glimpse of Us,Joji,6
230,Mejor Que Yo,"Mambo Kingz, DJ Luian, Anuel Aa",1
231,Curtains,Ed Sheeran,0
232,UNFORGIVEN (feat. Nile Rodgers),"Nile Rodgers, LE SSERAFIM",13
233,Haegeum,Agust D,12
234,MIENTRAS ME CURO DEL CORA,Karol G,35
235,Never Felt So Alone,Labrinth,3
236,X SI VOLVEMOS,"Karol G, Romeo Santos",33
237,ceilings,Lizzy McAlpine,9
238,Cupid,Fifty Fifty,10
239,I AM,IVE,15
240,Shorty Party,"Cartel De Santa, La Kelly",12
241,Super,SEVENTEEN,12
242,Slut Me Out,NLE Choppa,4
243,Double Fantasy (with Future),"The Weeknd, Future",0
244,All Of The Girls You Loved Before,Taylor Swift,6
245,PROVENZA,Karol G,34
246,Princess Diana (with Nicki Minaj),"Nicki Minaj, Ice Spice",4
247,Di Que Si,"Grupo Marca Registrada, Grupo Frontera",10
248,Shivers,Ed Sheeran,30
249,Shoong! (feat. LISA of BLACKPINK),"TAEYANG, Lisa",9
250,Komang,Raim Laode,4
251,Made You Look,Meghan Trainor,6
252,Watch This - ARIZONATEARS Pluggnb Remix,"sped up nightcore, ARIZONATEARS, Lil Uzi Vert",10
253,No Se Va,Grupo Frontera,18
254,Punto G,Quevedo,35
255,Lovers Rock,TV Girl,13
256,METAMORPHOSIS,INTERWORLD,24
257,Mami Chula,"Quevedo, Jhayco",4
258,En Paris,"El Chachito, Junior H",5
259,Set Me Free Pt.2,Jimin,13
260,I Was Never There,"The Weeknd, Gesaffelstein",15
261,Don't ever say love me (feat. RM of BTS),"RM, Colde",0
262,Shut Down,BLACKPINK,17
263,Gato de Noche,"Nengo Flow, Bad Bunny",30
264,Call Out My Name,The Weeknd,6
265,Like Crazy (English Version),Jimin,19
266,Sunroof,"Nicky Youre, Dazy",17
267,Lose Yourself - Soundtrack Version,Eminem,21
268,Superman,"Eminem, Dina Rae",14
269,Mas Rica Que Ayer,"Mambo Kingz, DJ Luian, Anuel Aa",34
270,People Pt.2 (feat. IU),"IU, Agust D",4
271,REMIX EXCLUSIVO,Feid,9
272,DOGTOOTH,"Tyler, The Creator",0
273,SORRY NOT SORRY,"Tyler, The Creator",0
274,HAPPY,NF,0
275,La Bebe,Yng Lvcas,17
276,I Know - PR1SVX Edit,"Kanii, PR1ISVX",0
277,Late Night Talking,Harry Styles,8
278,Save Your Tears (with Ariana Grande) (Remix),"Ariana Grande, The Weeknd",5
279,Something in the Orange,Zach Bryan,12
280,VOID,Melanie Martinez,0
281,Dijeron Que No La Iba Lograr,"Fuerza Regida, Chino Pacas",6
282,Midnight Rain,Taylor Swift,4
283,If We Ever Broke Up,Mae Stephens,4
284,You Proof,Morgan Wallen,9
285,LA INOCENTE,"Feid, Mora",37
286,Malas Decisiones,Kenia OS,2
287,Murder In My Mind,Kordhell,20
288,Gangsta's Paradise,"Coolio, L.V.",17
289,CAIRO,"Karol G, Ovy On The Drums",26
290,I Love You So,The Walters,7
291,Dark Red,Steve Lacy,7
292,Say You Won't Let Go,James Arthur,16
293,The Hills,The Weeknd,4
294,Heart To Heart,Mac DeMarco,0
295,Peaches (from The Super Mario Bros. Movie),Jack Black,0
296,Marisola - Remix,"Duki, NICKI NICOLE, Cris Mj, Standly, Stars Music Chile",16
297,LOKERA,"Brray, Rauw Alejandro, Lyanno",30
298,Low,SZA,0
299,Numb,Linkin Park,5
300,Tormenta (feat. Bad Bunny),"Gorillaz, Bad Bunny",0
301,on the street (with J. Cole),"j-hope, J. Cole",2
302,One Thing At A Time,Morgan Wallen,4
303,Miss You,"Robin Schulz, Oliver Tree",10
304,Private Landing (feat. Justin Bieber & Future),"Don Toliver, Future, Justin Bieber",0
305,Everything I Love,Morgan Wallen,0
306,Heaven,Niall Horan,2
307,LET GO,Central Cee,20
308,Sial,Mahalini,4
309,I Wrote The Book,Morgan Wallen,0
310,"Apna Bana Le (From ""Bhediya"")","Arijit Singh, Sachin-Jigar",0
311,SPIT IN MY FACE!,ThxSoMch,14
312,Man Made A Bar (feat. Eric Church),"Morgan Wallen, Eric Church",0
313,Red Ruby Da Sleeze,Nicki Minaj,0
314,Kahani Suno 2.0,Kaifi Khalil,6
315,Nobody Gets Me,SZA,6
316,Hype Boy,NewJeans,17
317,Bloody Mary,Lady Gaga,0
318,98 Braves,Morgan Wallen,0
319,WANDA,Quevedo,22
320,Thought You Should Know,Morgan Wallen,4
321,In The End,Linkin Park,6
322,Zona De Perigo,Leo Santana,4
323,Lovezinho,Treyce,0
324,I Like You (A Happier Song) (with Doja Cat),"Post Malone, Doja Cat",14
325,Neverita,Bad Bunny,30
326,Vista Al Mar,Quevedo,34
327,Enemy (with JID) - from the series Arcane League of Legends,"Imagine Dragons, League of Legends, JID, Arcane",7
328,Revenge,XXXTENTACION,11
329,Bombonzinho - Ao Vivo,"Israel & Rodolffo, Ana Castela",6
330,Love Again,The Kid Laroi,0
331,After Hours,The Weeknd,6
332,About Damn Time,Lizzo,2
333,Born With A Beer In My Hand,Morgan Wallen,0
334,I'm Not Here To Make Friends,"Sam Smith, Calvin Harris, Jessie Reyez",0
335,TRUSTFALL,P!nk,16
336,ANTIFRAGILE,LE SSERAFIM,12
337,Boy's a liar,PinkPantheress,0
338,VIBE (feat. Jimin of BTS),"TAEYANG, Jimin",2
339,Shirt,SZA,0
340,Lift Me Up - From Black Panther: Wakanda Forever - Music From and Inspired By,Rihanna,0
341,STAR WALKIN' (League of Legends Worlds Anthem),Lil Nas X,0
342,"Sex, Drugs, Etc.",Beach Weather,16
343,Boy With Luv (feat. Halsey),"Halsey, BTS",0
344,"Hey, Mickey!",Baby Tate,0
345,Jhoome Jo Pathaan,"Arijit Singh, Vishal Dadlani, Sukriti Kakar, Vishal-Shekhar, Shekhar Ravjiani, Kumaar",4
346,Escapism. - Sped Up,"RAYE, 070 Shake",0
347,Space Song,Beach House,4
348,Dreamers [Music from the FIFA World Cup Qatar 2022 Official Soundtrack],"BTS, Jung Kook, FIFA Sound",20
349,Te Felicito,"Shakira, Rauw Alejandro",9
350,TV,Billie Eilish,2
351,I'm Not The Only One,Sam Smith,3
352,Heather,Conan Gray,7
353,"Besharam Rang (From ""Pathaan"")","Vishal-Shekhar, Shilpa Rao, Caralisa Monteiro, Kumaar, Vishal Dadlani, Shekhar Ravjiani",4
354,One Kiss (with Dua Lipa),"Calvin Harris, Dua Lipa",10
355,Sugar Rush Ride,TOMORROW X TOGETHER,0
356,Pink Venom,BLACKPINK,16
357,WAIT FOR U (feat. Drake & Tems),"Drake, Future, Tems",14
358,Don't Start Now,Dua Lipa,0
359,After Dark,Mr.Kitty,14
360,Eu Gosto Assim - Ao Vivo,"Gustavo Mioto, Mari Fernandez",4
361,INDUSTRY BABY (feat. Jack Harlow),"Jack Harlow, Lil Nas X",0
362,Atlantis,Seafret,6
363,PUNTO 40,"Baby Rasta, Rauw Alejandro",12
364,Evoque Prata,"DJ Escobar, MC MENOR SG, MC MENOR HR",0
365,How Do I Say Goodbye,Dean Lewis,15
366,Blind,SZA,0
367,Die For You,Joji,0
368,Doja,Central Cee,44
369,Gatita,Bellakath,0
370,Rumble,"Skrillex, Flowdan, Fred again..",0
371,Niagara Falls (Foot or 2) [with Travis Scott & 21 Savage],"Travis Scott, 21 Savage, Metro Boomin",0
372,Yonaguni,Bad Bunny,28
373,Super Freaky Girl,Nicki Minaj,0
374,Running Up That Hill (A Deal With God),Kate Bush,0
375,Dream On,Aerosmith,0
376,Limbo,Freddie Dredd,0
377,Where Are You Now,"Lost Frequencies, Calum Scott",44
378,WORTH NOTHING,"Twisted, Oliver Tree",0
379,Bad Habits,Ed Sheeran,8
380,KICK BACK,Kenshi Yonezu,4
381,Good Days,SZA,2
382,Levitating (feat. DaBaby),"Dua Lipa, DaBaby",8
383,Woman,Doja Cat,0
384,Shut up My Moms Calling - (Sped Up),Hotel Ugly,7
385,Ferrari,"James Hype, Miggy Dela Rosa",28
386,"You're On Your Own, Kid",Taylor Swift,2
387,"Kesariya (From ""Brahmastra"")","Pritam, Arijit Singh, Amitabh Bhattacharya",6
388,Payphone,"Maroon 5, Wiz Khalifa",4
389,All I Want for Christmas Is You,Mariah Carey,0
390,Last Christmas,Wham!,0
391,Rockin' Around The Christmas Tree,Brenda Lee,0
392,Jingle Bell Rock,Bobby Helms,0
393,Santa Tell Me,Ariana Grande,0
394,It's the Most Wonderful Time of the Year,Andy Williams,0
395,Let It Snow! Let It Snow! Let It Snow!,Dean Martin,0
396,Snowman,Sia,0
397,Underneath the Tree,Kelly Clarkson,0
398,Mistletoe,Justin Bieber,0
399,Sleigh Ride,The Ronettes,0
400,Seek & Destroy,SZA,0
401,Love Language,SZA,0
402,Happy Xmas (War Is Over),"John Lennon, The Harlem Community Choir, The Plastic Ono Band, Yoko Ono",0
403,Used (feat. Don Toliver),"SZA, Don Toliver",0
404,A Holly Jolly Christmas - Single Version,Burl Ives,0
405,The Christmas Song (Merry Christmas To You) - Remastered 1999,Nat King Cole,0
406,Wonderful Christmastime - Edited Version / Remastered 2011,Paul McCartney,0
407,Do They Know It's Christmas? - 1984 Version,Band Aid,0
408,Ghost in the Machine (feat. Phoebe Bridgers),"SZA, Phoebe Bridgers",0
409,Special,SZA,0
410,Merry Christmas Everyone,Shakin' Stevens,0
411,Let It Snow! Let It Snow! Let It Snow!,"Frank Sinatra, B. Swanson Quartet",0
412,SOS,SZA,0
413,Open Arms (feat. Travis Scott),"SZA, Travis Scott",4
414,White Christmas,"Bing Crosby, John Scott Trotter & His Orchestra, Ken Darby Singers",0
415,Driving Home for Christmas - 2019 Remaster,Chris Rea,0
416,Christmas (Baby Please Come Home),Darlene Love,0
417,Gone Girl,SZA,0
418,F2F,SZA,0
419,Notice Me,SZA,0
420,Merry Christmas,"Ed Sheeran, Elton John",0
421,It's Beginning to Look a Lot Like Christmas (with Mitchell Ayres & His Orchestra),"Perry Como, The Fontane Sisters, Mitchell Ayres & His Orchestra",0
422,My Only Wish (This Year),Britney Spears,0
423,Antidepresan,"Mabel Matiz, Mert Demir",2
424,Wild Flower (with youjeen),RM,2
425,I Hate U,SZA,0
426,Raindrops (Insane) [with Travis Scott],"Travis Scott, Metro Boomin",0
427,SPIT IN MY FACE!,ThxSoMch,0
428,Deck The Hall - Remastered 1999,Nat King Cole,0
429,Smoking on my Ex Pack,SZA,0
430,Conceited,SZA,0
431,Snow On The Beach (feat. Lana Del Rey),"Taylor Swift, Lana Del Rey",0
432,Maroon,Taylor Swift,0
433,Bejeweled,Taylor Swift,0
434,Tarot,"Bad Bunny, Jhay Cortez",20
435,You Make It Feel Like Christmas (feat. Blake Shelton),"Gwen Stefani, Blake Shelton",0
436,Desesperados,"Chencho Corleone, Rauw Alejandro",34
437,Too Late,SZA,0
438,Party,"Bad Bunny, Rauw Alejandro",4
439,Run Rudolph Run - Single Version,Chuck Berry,0
440,Jingle Bells - Remastered 1999,Frank Sinatra,0
441,Far,SZA,0
442,On Time (with John Legend),"John Legend, Metro Boomin",0
443,齛bcdefu,Gayle,0
444,Sacrifice,The Weeknd,0
445,Is There Someone Else?,The Weeknd,6
446,Fingers Crossed,"Lauren Spencer Smith, Lauren Spencer Smith, Lauren Spencer Smith",0
447,Out of Time,The Weeknd,0
448,Do It To It,"Cherish, ACRAZE",0
449,We Don't Talk About Bruno,"Adassa, Mauro Castillo, Stephanie Beatriz, Encanto - Cast, Rhenzy Feliz, Diane Guerrero, Carolina Gaitan",0
450,Pepas,Farruko,17
451,How Do I Make You Love Me?,The Weeknd,0
452,Gasoline,The Weeknd,0
453,Infinity,Jaymes Young,0
454,Less Than Zero,The Weeknd,0
455,Take My Breath,The Weeknd,0
456,good 4 u,Olivia Rodrigo,6
457,Best Friends,The Weeknd,0
458,Kiss Me More (feat. SZA),"SZA, Doja Cat",0
459,I Heard You're Married (feat. Lil Wayne),"The Weeknd, Lil Wayne",0
460,Need To Know,Doja Cat,0
461,MONTERO (Call Me By Your Name),Lil Nas X,0
462,love nwantiti (ah ah ah),Ckay,2
463,Dawn FM,The Weeknd,0
464,Surface Pressure,Jessica Darrow,0
465,Starry Eyes,The Weeknd,0
466,THATS WHAT I WANT,Lil Nas X,0
467,One Right Now (with The Weeknd),"The Weeknd, Post Malone",0
468,Mon Amour - Remix,"Aitana, zzoilo",2
469,Lo Siento BB:/ (with Bad Bunny & Julieta Venegas),"Julieta Venegas, Bad Bunny, Tainy",26
470,MONEY,Lisa,13
471,Happier Than Ever,Billie Eilish,0
472,Moth To A Flame (with The Weeknd),"The Weeknd, Swedish House Mafia",17
473,traitor,"Juan Cruz Toledo, Huilen Toledo",6
474,Toxic,BoyWithUke,0
475,drivers license,Olivia Rodrigo,3
476,All Too Well (10 Minute Version) (Taylor's Version) (From The Vault),Taylor Swift,5
477,Oh My God,Adele,0
478,Entre Nosotros (Remix) [con Nicki Nicole],"Lit Killah, Maria Becerra, Tiago pzk, NICKI NICOLE",3
479,A Tale By Quincy,The Weeknd,0
480,I AM WOMAN,Emmy Meli,0
481,It'll Be Okay,Shawn Mendes,0
482,Softcore,The Neighbourhood,12
483,Super Gremlin,Kodak Black,0
484,Todo De Ti,Rauw Alejandro,8
485,Love Nwantiti - Remix,"Ckay, AX'EL, Dj Yo!",0
486,Smokin Out The Window,"Bruno Mars, Anderson .Paak, Silk Sonic",0
487,Meet Me At Our Spot,"THE ANXIETY, Willow, Tyler Cole",0
488,Every Angel is Terrifying,The Weeknd,0
489,Tacones Rojos,Sebastian Yatra,9
490,Peaches (feat. Daniel Caesar & Giveon),"Justin Bieber, Daniel Caesar, Giveon",0
491,Dakiti,"Bad Bunny, Jhay Cortez",21
492,"Tiago PZK: Bzrp Music Sessions, Vol. 48","Bizarrap, Tiago pzk",12
493,Better Days (NEIKED x Mae Muller x Polo G),"NEIKED, Mae Muller, Polo G",0
494,Life Goes On,Oliver Tree,0
495,Sad Girlz Luv Money Remix (feat. Kali Uchis),"Kali Uchis, Amaarae, Moliy",0
496,Butter,BTS,6
497,pushin P (feat. Young Thug),"Young Thug, Future, Gunna",0
498,You Right,"Doja Cat, The Weeknd",0
499,deja vu,Olivia Rodrigo,4
500,Dynamite,BTS,5
501,TO THE MOON,Jnr Choi,0
502,Lost in the Fire,"The Weeknd, Gesaffelstein",2
503,Salimo de Noche,"Trueno, Tiago pzk",0
504,Volando - Remix,"Sech, Bad Bunny, Mora",19
505,Leave The Door Open,"Bruno Mars, Anderson .Paak, Silk Sonic",0
506,Knife Talk (with 21 Savage ft. Project Pat),"Drake, Project Pat, 21 Savage",0
507,Love Grows (Where My Rosemary Goes),Edison Lighthouse,0
508,Phantom Regret by Jim,The Weeknd,0
509,Dos Oruguitas,Sebastian Yatra,0
510,Freaks,Surf Curse,3
511,Acapulco,Jason Derulo,0
512,Daddy Issues,The Neighbourhood,4
513,thought i was playing,"21 Savage, Gunna",0
514,ELEVEN,IVE,1
515,Mood (feat. Iann Dior),"24kgoldn, Iann Dior",0
516,What Else Can I Do?,"Stephanie Beatriz, Diane Guerrero",0
517,DANCE CRIP,Trueno,0
518,Miserable Man,David Kushner,0
519,happier,Olivia Rodrigo,4
520,Praise God,Kanye West,0
521,Get Into It (Yuh),Doja Cat,0
522,Before You Go,Lewis Capaldi,24
523,Sky,Playboi Carti,3
524,Rolling in the Deep,Adele,6
525,Sobrio,Maluma,10
526,Peru,"Ed Sheeran, Fireboy DML",0
527,favorite crime,Olivia Rodrigo,0
528,Thunder,"Prezioso, Gabry Ponte, LUM!X",10
529,positions,Ariana Grande,0
530,The Feels,TWICE,0
531,HEARTBREAK ANNIVERSARY,Giveon,4
532,No Lie,"Sean Paul, Dua Lipa",0
533,OUT OUT (feat. Charli XCX & Saweetie),"Charli XCX, Jax Jones, Joel Corry, Saweetie",0
534,Pope Is a Rockstar,SALES,0
535,2055,Sleepy hallow,0
536,Bored,Billie Eilish,0
537,Happier Than Ever - Edit,Billie Eilish,0
538,Astronaut In The Ocean,Masked Wolf,0
539,Ley Seca,"Anuel Aa, Jhay Cortez",0
540,Every Summertime,NIKI,2
541,Talking To The Moon,Bruno Mars,2
542,you broke me first,Tate McRae,0
543,The Nights,Avicii,8
544,Take My Breath,The Weeknd,0
545,Way 2 Sexy (with Future & Young Thug),"Drake, Future, Young Thug",0
546,Enemy - from the series Arcane League of Legends,"Imagine Dragons, League of Legends, Arcane",0
547,Dance Monkey,Tones and I,0
548,Lucid Dreams,Juice WRLD,0
549,All of Me,John Legend,0
550,Smells Like Teen Spirit - Remastered 2021,Nirvana,9
551,Arcade,Duncan Laurence,0
552,Fair Trade (with Travis Scott),"Drake, Travis Scott",6
553,Bar,"Tini, L-Gante",4
554,The Rumbling (TV Size),SiM,0
555,family ties (with Kendrick Lamar),"Kendrick Lamar, Baby Keem",5
556,Mr. Brightside,The Killers,15
557,Blessed-Cursed,ENHYPEN,0
558,AM Remix,"J Balvin, Nio Garcia, Bad Bunny",0
559,Streets,Doja Cat,0
560,Shallow,"Lady Gaga, Bradley Cooper",12
561,Polaroid Love,ENHYPEN,0
562,Leave Before You Love Me (with Jonas Brothers),"Marshmello, Jonas Brothers",4
563,Permission to Dance,BTS,2
564,Friday (feat. Mufasa & Hypeman) - Dopamine Re-Edit,"Riton, Nightcrawlers, Mufasa & Hypeman, Dopamine",0
565,RAPSTAR,Polo G,0
566,'Till I Collapse,"Eminem, Nate Dogg",0
567,Memories,Maroon 5,2
568,25k jacket (feat. Lil Baby),"Gunna, Lil Baby",0
569,MAMIII,"Karol G, Becky G",28
570,Still D.R.E.,"Dr. Dre, Snoop Dogg",0
571,Stay Alive (Prod. SUGA of BTS),Jung Kook,5
572,Boyfriend,Dove Cameron,0
573,The Joker And The Queen (feat. Taylor Swift),"Ed Sheeran, Taylor Swift",0
574,The Next Episode,"Dr. Dre, Snoop Dogg",0
575,Light Switch,Charlie Puth,0
576,City of Gods,"Kanye West, Alicia Keys, Fivio Foreign",0
577,Brividi,"Mahmood, Blanco",0
578,Lost,Frank Ocean,11
579,In Da Club,50 Cent,7
580,she's all i wanna be,Tate McRae,0
581,Ginseng Strip 2002,Yung Lean,0
582,All For Us - from the HBO Original Series Euphoria,"Labrinth, Zendaya",0
583,Notion,The Rare Occasions,0
584,Formula,Labrinth,7
585,Mount Everest,Labrinth,0
586,Excuses,"Intense, AP Dhillon, Gurinder Gill",4
587,Cigarettes,Juice WRLD,0
588,California Love - Original Version (Explicit),"Dr. Dre, 2Pac, Roger",0
589,Forgot About Dre,"Eminem, Dr. Dre",0
590,Down Under (feat. Colin Hay),"Luude, Colin Hay",2
591,Mujeriego,Ryan Castro,0
592,HUMBLE.,Kendrick Lamar,1
593,Stan,"Eminem, Dido",0
594,Contection,"GODZZ__-, Zakaria",0
595,Swim,Chase Atlantic,0
596,A Tu Merced,Bad Bunny,11
597,Numb Little Bug,Em Beihold,0
598,212,"Mainstreet, Chefin",0
599,Bussin,"Nicki Minaj, Lil Baby",0
600,Worst Day,Future,0
601,Hrs and Hrs,Muni Long,0
602,Alien Blues,Vundabar,0
603,Thinking Out Loud,Ed Sheeran,0
604,Still Don't Know My Name,Labrinth,0
605,Christmas Tree,V,9
606,When I R.I.P.,Labrinth,0
607,Do We Have A Problem?,"Nicki Minaj, Lil Baby",0
608,Forever,Labrinth,0
609,Gospel (with Eminem),"Eminem, Dr. Dre",0
610,NEW MAGIC WAND,"Tyler, The Creator",0
611,Adore You,Harry Styles,1
612,La Santa,"Daddy Yankee, Bad Bunny",20
613,Something In The Way - Remastered 2021,Nirvana,0
614,Sweetest Pie,"Dua Lipa, Megan Thee Stallion",0
615,Bam Bam (feat. Ed Sheeran),"Camila Cabello, Ed Sheeran",4
616,Envolver,Anitta,2
617,Starlight,Dave,3
618,Hati-Hati di Jalan,Tulus,2
619,"I'm Tired - From ""Euphoria"" An Original HBO Series",Labrinth,0
620,Yo Voy (feat. Daddy Yankee),Zion & Lennox,2
621,"Residente: Bzrp Music Sessions, Vol. 49","Residente, Bizarrap",0
622,Jordan,Ryan Castro,2
623,Nail Tech,Jack Harlow,0
624,DARARI,Treasure,0
625,Ya No Somos Ni Seremos,Christian Nodal,16
626,Thinking with My Dick,"Kevin Gates, Juicy J",0
627,Freaky Deaky,"Tyga, Doja Cat",0
628,this is what falling in love feels like,JVKE,0
629,La Zona,Bad Bunny,0
630,Bohemian Rhapsody - Remastered 2011,Queen,3
631,Hope,XXXTENTACION,0
632,Levitating,Dua Lipa,0
633,Wake Me Up - Radio Edit,Avicii,34
634,"jealousy, jealousy",Olivia Rodrigo,0
635,Demasiadas Mujeres,C. Tangana,0
636,Something Just Like This,"The Chainsmokers, Coldplay",21
637,Closer,"The Chainsmokers, Halsey",0
638,O.O,NMIXX,0
639,Somebody That I Used To Know,"Gotye, Kimbra",0
640,Tom's Diner,"AnnenMayKantereit, Giant Rooks",0
641,First Class,Jack Harlow,0
642,Plan A,Paulo Londra,0
643,Fuera del mercado,Danny Ocean,21
644,When You're Gone,Shawn Mendes,0
645,In My Head,Lil Tjay,0
646,Wait a Minute!,Willow,0
647,LOVE DIVE,IVE,8
648,Pantysito,"Feid, Alejo, Robi",0
649,Chance,Paulo Londra,0
650,Cool for the Summer,Demi Lovato,0
651,psychofreak (feat. WILLOW),"Camila Cabello, Willow",0
652,Angel Baby,Troye Sivan,9
653,Si Quieren Frontear,"De La Ghetto, Duki, Quevedo",0
654,Right On,Lil Baby,0
655,That's Hilarious,Charlie Puth,2
656,Soy El Unico,Yahritza Y Su Esencia,0
657,Falling,Harry Styles,0
658,Sigue,"Ed Sheeran, J Balvin",0
659,Fim de Semana no Rio,teto,2
660,MANIAC,Stray Kids,0
661,There's Nothing Holdin' Me Back,Shawn Mendes,0
662,IDGAF (with blackbear),"Blackbear, BoyWithUke",0
663,Golden,Harry Styles,1
664,Get Lucky - Radio Edit,"Pharrell Williams, Nile Rodgers, Daft Punk",0
665,Ain't Shit,Doja Cat,0
666,Still Life,BIGBANG,0
667,Photograph,Ed Sheeran,3
668,Love Yourself,Justin Bieber,5
669,N95,Kendrick Lamar,0
670,About Damn Time,Lizzo,0
671,Die Hard,"Kendrick Lamar, Blxst, Amanda Reifer",0
672,Un Ratito,Bad Bunny,6
673,United In Grief,Kendrick Lamar,0
674,Father Time (feat. Sampha),"Kendrick Lamar, Sampha",0
675,Yo No Soy Celoso,Bad Bunny,0
676,Rich Spirit,Kendrick Lamar,0
677,Cooped Up (with Roddy Ricch),"Post Malone, Roddy Ricch",0
678,Me Fui de Vacaciones,Bad Bunny,0
679,Silent Hill,"Kendrick Lamar, Kodak Black",0
680,La Corriente,"Tony Dize, Bad Bunny",8
681,Count Me Out,Kendrick Lamar,0
682,Andrea,"Buscabulla, Bad Bunny",0
683,Dos Mil 16,Bad Bunny,3
684,We Cry Together,"Kendrick Lamar, Taylour Paige",0
685,Savior,"Kendrick Lamar, Sam Dew, Baby Keem",0
686,Un Coco,Bad Bunny,28
687,Worldwide Steppers,Kendrick Lamar,0
688,Aguacero,Bad Bunny,0
689,Purple Hearts,"Kendrick Lamar, Ghostface Killah, Summer Walker",0
690,Un Verano Sin Ti,Bad Bunny,1
691,ULTRA SOLO,"Polima WestCoast, Pailita",0
692,Callaita,"Bad Bunny, Tainy",15
693,Dua Lipa,Jack Harlow,0
694,Agosto,Bad Bunny,0
695,House Of Memories,Panic! At The Disco,0
696,Mr. Morale,"Kendrick Lamar, Tanna Leone",0
697,That That (prod. & feat. SUGA of BTS),"PSY, Suga",0
698,In The Stars,Benson Boone,8
699,Rich - Interlude,Kendrick Lamar,0
700,Stefania (Kalush Orchestra),KALUSH,0
701,Thousand Miles,The Kid Laroi,0
702,Crown,Kendrick Lamar,0
703,Auntie Diaries,Kendrick Lamar,0
704,PUFFIN ON ZOOTIEZ,Future,0
705,Mirror,Kendrick Lamar,0
706,Beautiful Girl,Luciano,4
707,"Paulo Londra: Bzrp Music Sessions, Vol. 23","Bizarrap, Paulo Londra",0
708,Savior - Interlude,Kendrick Lamar,0
709,Pasoori,"Shae Gill, Ali Sethi",6
710,Mother I Sober (feat. Beth Gibbons of Portishead),"Kendrick Lamar, Beth Gibbons",0
711,Where Did You Go?,"MNEK, Jax Jones",0
712,I Tried to Tell Y'all,"Ugly Dray, Tesla Jnr",0
713,Honest (feat. Don Toliver),"Justin Bieber, Don Toliver",0
714,ZOOM,Jessi,0
715,SloMo,Chanel,0
716,FEARLESS,LE SSERAFIM,0
717,10 Things I Hate About You,Leah Kate,0
718,SPACE MAN,Sam Ryder,0
719,With you,"HA SUNG WOON, Jimin",2
720,Iris,The Goo Goo Dolls,9
721,The Heart Part 5,Kendrick Lamar,0
722,San Lucas,Kevin Kaarl,1
723,Good Looking,Suki Waterhouse,0
724,Flowers,Lauren Spencer Smith,0
725,Yet To Come,BTS,0
726,Run BTS,BTS,0
727,Music For a Sushi Restaurant,Harry Styles,1
728,Matilda,Harry Styles,3
729,For Youth,BTS,0
730,Daylight,Harry Styles,0
731,Vegas (From the Original Motion Picture Soundtrack ELVIS),Doja Cat,0
732,Cash In Cash Out,"Pharrell Williams, Tyler, The Creator, 21 Savage",0
733,Potion (with Dua Lipa & Young Thug),"Calvin Harris, Dua Lipa, Young Thug",0
734,Born Singer,BTS,0
735,Little Freak,Harry Styles,0
736,True Love,"Kanye West, XXXTENTACION",0
737,Satellite,Harry Styles,5
738,Pass The Dutchie,Musical Youth,0
739,"Villano Antillano: Bzrp Music Sessions, Vol. 51","Bizarrap, Villano Antillano",0
740,Love Of My Life,Harry Styles,0
741,Grapejuice,Harry Styles,0
742,So Good,Halsey,0
743,Belly Dancer,"BYOR, Imanbek",13
744,Keep Driving,Harry Styles,1
745,Cinema,Harry Styles,0
746,Die Young (feat. 347aidan),"Sleepy hallow, 347aidan",0
747,Only Love Can Hurt Like This,Paloma Faith,0
748,Hold My Hand,Lady Gaga,0
749,Daydreaming,Harry Styles,1
750,Numb,"Marshmello, Khalid",2
751,Nos Comemos (feat. Ozuna),"Ozuna, Tiago pzk",0
752,Me and Your Mama,Childish Gambino,0
753,Crazy What Love Can Do,"David Guetta, Ella Henderson, Becky Hill",0
754,SLOW DANCING IN THE DARK,Joji,0
755,Antes de Perderte,Duki,8
756,Boyfriends,Harry Styles,0
757,Tak Ingin Usai,Keisya Levronka,4
758,En El Radio Un Cochinero,Victor Cibrian,0
759,Master of Puppets (Remastered),Metallica,0
760,ULTRA SOLO REMIX,"De La Ghetto, Feid, Polima WestCoast, Paloma Mami, Pailita",0
761,Massive,Drake,0
762,Betty (Get Money),Yung Gravy,0
763,Ojos Marrones,Lasso,11
764,POP!,Nayeon,0
765,MORE,j-hope,0
766,Sweet Child O' Mine,Guns N' Roses,1
767,Last Last,Burna Boy,12
768,SNAP,Rosa Linn,0
769,Sticky,Drake,0
770,Hot Shit (feat. Ye & Lil Durk),"Kanye West, Lil Durk, Cardi B",0
771,Ai Preto,"L7nnon, DJ Biel do Furduncinho, Bianca",4
772,La Loto,"Anitta, Tini, Becky G",0
773,die first,Nessa Barrett,0
774,Afraid To Feel,LF System,5
775,Baile no Morro,"Mc Vitin Da Igrejinha, MC Tairon, DJ Win",2
776,Bad Decisions (with BTS & Snoop Dogg),"Snoop Dogg, BTS, Benny Blanco",0
777,STAYING ALIVE (feat. Drake & Lil Baby),"Drake, DJ Khaled, Lil Baby",0
778,Caile,Luar La L,2
779,GIVENCHY,Duki,4
780,Mary On A Cross,Ghost,2
781,Attention,NewJeans,12
782,THE SHADE,Rex Orange County,6
783,"Come Back Home - From ""Purple Hearts""",Sofia Carson,0
784,El Rescate,"Grupo Marca Registrada, Junior H",4
785,Heartless,Kanye West,34
786,"Stay With Me (with Justin Timberlake, Halsey, & Pharrell)","Calvin Harris, Halsey, Pharrell Williams, Justin Timberlake",0
787,Siempre Pendientes,"Peso Pluma, Luis R Conriquez",5
788,JGL,"Luis R Conriquez, La Adictiva",9
789,Don't You Worry,"David Guetta, Shakira, Black Eyed Peas",0
790,Pipoco,"Melody, Ana Castela, Dj Chris No Beat",4
791,Hold Me Closer,"Elton John, Britney Spears",0
792,Forget Me,Lewis Capaldi,4
793,After LIKE,IVE,12
794,Bound 2,Kanye West,7
795,B.O.T.A. (Baddest Of Them All) - Edit,"Interplanetary Criminal, Eliza Rose",6
796,Talk that Talk,TWICE,0
797,BILLIE EILISH.,Armani White,0
798,Ferxxo 100,Feid,30
799,KU LO SA - A COLORS SHOW,Oxlade,8
800,Prohibidox,Feid,12
801,Static,Steve Lacy,0
802,The Scientist,Coldplay,6
803,Sparks,Coldplay,4
804,Talk,YEAT,0
805,Selfish,PnB Rock,0
806,Lady Mi Amor,Feid,0
807,Poland,Lil Yachty,0
808,Bye Bye,"Marshmello, Juice WRLD",0
809,BABY OTAKU,"Fran C, Polima WestCoast, Nickoog Clk, Pablito Pesadilla",0
810,Nxde,(G)I-DLE,6
811,Miss You,Southstar,0
812,we fell in love in october,girl in red,0
813,2 Be Loved (Am I Ready),Lizzo,6
814,Celestial,Ed Sheeran,0
815,Typa Girl,BLACKPINK,10
816,I Really Want to Stay at Your House,"Rosa Walton, Hallie Coggins",1
817,California Breeze,Lil Baby,0
818,Major Distribution,"Drake, 21 Savage",0
819,Pussy & Millions (feat. Travis Scott),"Drake, Travis Scott, 21 Savage",0
820,Vigilante Shit,Taylor Swift,0
821,Midnights,Taylor Swift,0
822,On BS,"Drake, 21 Savage",0
823,Mastermind,Taylor Swift,0
824,Circo Loco,"Drake, 21 Savage",0
825,Labyrinth,Taylor Swift,0
826,Spin Bout U,"Drake, 21 Savage",2
827,Sweet Nothing,Taylor Swift,0
828,"Would've, Could've, Should've",Taylor Swift,0
829,Con La Brisa,"Ludwig Goransson, Foudeqush",0
830,Privileged Rappers,"Drake, 21 Savage",0
831,The Astronaut,Jin,9
832,BackOutsideBoyz,Drake,0
833,Broke Boys,"Drake, 21 Savage",0
834,The Great War,Taylor Swift,0
835,My Mind & Me,Selena Gomez,0
836,Bigger Than The Whole Sky,Taylor Swift,0
837,A Veces (feat. Feid),"Feid, Paulo Londra",0
838,En La De Ella,"Feid, Sech, Jhayco",0
839,Alone,Burna Boy,2
